{
  "accuracy": 0.8344827586206897,
  "f1": 0.8327941353846979,
  "auc": 0.918006123230004,
  "precision": 0.8068181818181818
}