{
  "accuracy": 0.8689655172413793,
  "f1": 0.8674217586693729,
  "auc": 0.9238423268274016,
  "precision": 0.8314606741573034
}