{
  "accuracy": 0.8413793103448276,
  "f1": 0.8404138397445402,
  "auc": 0.9105434366628395,
  "precision": 0.8235294117647058
}