{
  "accuracy": 0.8413793103448276,
  "f1": 0.8399949843260188,
  "auc": 0.9107347876004593,
  "precision": 0.8160919540229885
}