{
  "accuracy": 0.6620689655172414,
  "f1": 0.6524977511244379,
  "auc": 0.47550707998469194,
  "precision": 0.6494845360824743
}