{
  "accuracy": 0.7931034482758621,
  "f1": 0.7903173705887104,
  "auc": 0.893991580558745,
  "precision": 0.7666666666666667
}