{
  "accuracy": 0.8413793103448276,
  "f1": 0.8395105499681881,
  "auc": 0.7533486414083428,
  "precision": 0.8089887640449438
}