{
  "accuracy": 0.7793103448275862,
  "f1": 0.7770588471795972,
  "auc": 0.8587830080367393,
  "precision": 0.7613636363636364
}