{
    "Age": {
        "type": "num",
        "mean": 29.69911764705882,
        "std": 14.526497332334042,
        "min": 0.42,
        "max": 80.0,
        "quantiles": {
            "0.01": 1.0,
            "0.25": 20.125,
            "0.5": 28.0,
            "0.75": 38.0,
            "0.99": 65.87
        },
        "hist_counts": [
            0.009503675810610748,
            0.008095723838668413,
            0.03115093737922411,
            0.02974298540728179,
            0.020767291586149417,
            0.012319579754495408,
            0.007919729842175625,
            0.0042238559158270005,
            0.001583945968435125,
            0.00035198799298558336
        ],
        "hist_bins": [
            0.42,
            8.378,
            16.336000000000002,
            24.294000000000004,
            32.252,
            40.21,
            48.168000000000006,
            56.126000000000005,
            64.084,
            72.042,
            80.0
        ]
    },
    "Fare": {
        "type": "num",
        "mean": 32.204207968574636,
        "std": 49.6934285971809,
        "min": 0.0,
        "max": 512.3292,
        "quantiles": {
            "0.01": 0.0,
            "0.25": 7.9104,
            "0.5": 14.4542,
            "0.75": 31.0,
            "0.99": 249.00622000000035
        },
        "hist_counts": [
            0.016035565053657327,
            0.0023220900214312524,
            0.0006791017987204607,
            4.3813019272287774e-05,
            0.00024097160599758274,
            0.0001314390578168634,
            0.0,
            0.0,
            0.0,
            6.571952890843162e-05
        ],
        "hist_bins": [
            0.0,
            51.23292,
            102.46584,
            153.69876,
            204.93168,
            256.1646,
            307.39752,
            358.63044,
            409.86336,
            461.09628,
            512.3292
        ]
    },
    "Pclass": {
        "type": "cat",
        "freq_dist": {
            "3": 0.5510662177328844,
            "1": 0.24242424242424243,
            "2": 0.20650953984287318
        }
    },
    "Sex": {
        "type": "cat",
        "freq_dist": {
            "male": 0.6475869809203143,
            "female": 0.35241301907968575
        }
    },
    "SibSp": {
        "type": "cat",
        "freq_dist": {
            "0": 0.6823793490460157,
            "1": 0.2345679012345679,
            "2": 0.031425364758698095,
            "4": 0.020202020202020204,
            "3": 0.017957351290684626,
            "8": 0.007856341189674524,
            "5": 0.005611672278338945
        }
    },
    "Parch": {
        "type": "cat",
        "freq_dist": {
            "0": 0.7609427609427609,
            "1": 0.1324354657687991,
            "2": 0.08978675645342311,
            "5": 0.005611672278338945,
            "3": 0.005611672278338945,
            "4": 0.004489337822671156,
            "6": 0.001122334455667789
        }
    }
}