{
  "accuracy": 0.8620689655172413,
  "f1": 0.861054374090539,
  "auc": 0.9216417910447763,
  "precision": 0.8372093023255814
}