{
  "accuracy": 0.8137931034482758,
  "f1": 0.8121680250783698,
  "auc": 0.8944699579027939,
  "precision": 0.7931034482758621
}