{
  "accuracy": 0.7793103448275862,
  "f1": 0.7776869985448622,
  "auc": 0.8930348258706474,
  "precision": 0.7674418604651163
}